"option_id";"value"
"8";"Syrah / Shiraz"
"13";"Cabernet Sauvignon"
"27";"Pinot Noir"
"31";"Sangiovese"
"41";"Tempranillo / Tinto Fino / Tinta Roriz"
"46";"Riesling"
"48";"Grenache / Garnacha"
"52";"Mourvedre / Mataro / Monastrell / Garrut"
"78";"Nebbiolo"
"82";"Chardonnay"
"86";"Sauvignon Blanc"
"105";"Merlot"
"109";"Melon"
"122";"Zinfandel"
"124";"Albarino"
"134";"Verdicchio"
"177";"Pinot Gris / Pinot Grigio"
"217";"Malbec"
"219";"Corvina"
"250";"Garganega"
"254";"Muscat"
"259";"Pinot Bianco / Pinot Blanc"
"272";"Gruner Veltliner"
"281";"Barbera"
"283";"Dolcetto"
"291";"Trebbiano / Ugni Blanc / Rossola Brandica"
"298";"Primitivo"
"307";"Nero D'avola"
"313";"Montepulciano"
"326";"Vermentino"
"351";"Vernaccia"
"353";"Gamay"
"366";"Chenin Blanc"
"368";"Pinotage"
"381";"Carmenere"
"410";"Carignan / Carinena"
"429";"Cabernet Franc"
"451";"Cortese"
"460";"Debit"
"496";"Torrontes"
"502";"Tannat"
"513";"Mencia"
"519";"Petite Sirah"
"529";"Viognier"
"535";"Gewurztraminer"
"539";"Xinomavro"
"600";"Negroamaro"
"603";"Aglianico"
"643";"Fiano"
"652";"Marsanne"
"654";"Lambrusco"
"664";"Arneis"
"683";"Aligote"
"729";"Plum"
"782";"Inzolia"
"787";"Sauvignon Gris"
"849";"Pinot Meunier"
"879";"Greco"
"896";"Rice"
"933";"Charbono / Bonarda"
"945";"Falanghina"
"947";"Grillo"
"967";"Malvasia Bianca"
"1054";"Aghiorghitiko / St George"
"1152";"Vranec"
"1212";"White Zinfandel"
"1545";"Petit Verdot"
"1651";"Gaglioppo"
"1833";"Alvarinho"
"1835";"Tempranillo"
"1837";"Loureiro"
"1839";"Moscato"
"1986";"Lacrima"
"2122";"Malagousia"
"2131";"Begleri"
"2237";"Frappato"
"2432";"Semillon"
"5";"Joan Sarda"
"9";"Tait"
"14";"Silver Oak"
"19";"Raynal"
"23";"Anderson's Conn Valley"
"32";"Coltibuono"
"37";"Balblair"
"42";"Baron de Ley"
"66";"Charles Smith"
"73";"Colonel E.H. Taylor"
"76";"D'Arenberg"
"79";"Damilano"
"83";"Domaine Alain Chavy"
"89";"Domaine Georges Roumier"
"92";"Domaine Jean Grivot"
"94";"Nicolas Potel"
"101";"Glenfiddich"
"104";"Hedges"
"106";"Ichiro's Malt Chichibu"
"112";"Masion Louis Latour"
"114";"Marziano Abbona"
"116";"Metrokane"
"117";"Orin Swift"
"118";"Pacific Rim"
"120";"Pappy Van Winkle"
"121";"Paul Jaboulet Aine"
"125";"Portugal"
"127";"Sokol Blosser"
"129";"St Clement"
"131";"St. Francis"
"135";"Umani Ronchi"
"139";"Veramonte"
"146";"Wente Vineyards"
"149";"10 Cane"
"153";"12 Linajes"
"156";"14 Linajes"
"159";"123 Organic Tequila"
"161";"14 Hands"
"162";"1800 Tequila"
"165";"Noble Vines"
"167";"19 Crimes"
"168";"2 Brothers"
"169";"3 Brothers"
"171";"4 Brothers"
"174";"2 Up"
"176";"3 Blind Moose"
"178";"360 Vodka"
"181";"New Zealand"
"182";"44 North"
"183";"Michael David"
"184";"90 Plus"
"191";"99 Brand"
"192";"Acacia"
"193";"A to Z Wineworks"
"200";"Aberlour"
"204";"Abraham Bowman"
"206";"Abreu"
"209";"Absolut"
"218";"Achaval Ferrer"
"223";"Acrobat"
"228";"Admiral Nelson"
"230";"Querciabella"
"232";"Agua de Piedra"
"234";"Alamos"
"237";"Alderbrook"
"239";"Israel"
"243";"Chile"
"245";"Alfred Gratien"
"247";"Alice White"
"248";"Alize"
"249";"Allegrini"
"251";"Almaden"
"262";"Cavit"
"263";"Altamira"
"270";"Alvear"
"276";"Amarula"
"277";"Amayna"
"280";"Andre"
"286";"Angel's Envy"
"287";"Angostura"
"288";"Antica Napa Valley"
"289";"Antinori"
"294";"Antucura"
"301";"Apothic"
"303";"Appleton Estate"
"306";"Feudo Arancio"
"309";"Arbor Mist"
"316";"Ardbeg Distillery"
"323";"Argento"
"324";"Argiano"
"328";"Argyle"
"335";"Asconi Old Tavern"
"338";"Au Bon Climat"
"340";"Auchentoshan"
"342";"Augey"
"343";"Avalon"
"347";"Eastern Europe"
"348";"Avignonesi"
"350";"Avion"
"352";"Benedictine"
"354";"B & G - Barton & Guestier"
"357";"B.R. Cohn"
"358";"BV - Beaulieu Vineyard"
"359";"Babich"
"362";"Bacalhoa"
"365";"Bacardi"
"367";"Backsberg"
"371";"Badger Mountain"
"372";"Sanford"
"374";"Baileys"
"377";"Poland"
"380";"Balduzzi"
"382";"Balinoff"
"383";"Ballantine's"
"385";"Balvenie"
"393";"Castello Banfi"
"394";"Banrock Station"
"395";"Fattoria dei Barbi"
"396";"Barefoot"
"397";"Jagermeister"
"398";"Barkan"
"401";"Barlow"
"403";"Herzog Wine Cellars"
"407";"Barone Ricossolli"
"409";"Barossa Valley Estate"
"413";"Bartenders"
"414";"Bartenura"
"420";"Basil Hayden's"
"424";"Beringer"
"425";"Bearboat"
"427";"Beaux Freres"
"430";"Beefeater"
"434";"Belle Glos"
"439";"Beluga"
"440";"Belvedere"
"443";"Benziger"
"445";"Berentzen"
"453";"Bertani"
"457";"Bethel Heights"
"464";"Billecart-Salmon"
"465";"Bird Dog"
"466";"Bird in Hand"
"470";"Black & White"
"471";"Black Box"
"472";"Black Haus"
"473";"Black Opal"
"476";"Black Swan"
"478";"Blackstone"
"479";"Blade And Bow Bourbon"
"480";"Blansac"
"481";"Blanton's"
"484";"Caribbean"
"486";"Barbados"
"487";"Catena Zapata"
"492";"Bodega Norton"
"493";"Bodega Numanthia"
"495";"Bodega Ruca Malen"
"509";"Bodegas Riojanas Vina Albina"
"512";"Bodegas Salentein"
"518";"Bogle"
"520";"Bolla"
"523";"Bollinger"
"524";"Bols"
"527";"Bombay"
"528";"Bonterra"
"531";"Booker's"
"532";"J Bookwalter"
"534";"Bota Box"
"536";"Bouchaine"
"538";"Boutari"
"546";"Bowmore Distillery"
"547";"Brancaia"
"548";"Brancott"
"549";"Brassfield"
"552";"Breuckelen Distilling"
"555";"Ruffino"
"556";"Bridlewood"
"560";"Brotherhood"
"562";"Brugal"
"564";"Bruichladdich"
"566";"Bruno Giacosa"
"567";"Buchanan's"
"568";"Buehler"
"569";"Buena Vista"
"570";"Buffalo Trace"
"571";"Bulldog"
"572";"Bulleit"
"573";"Bully Hill"
"574";"Burgess"
"575";"Bushmills"
"576";"Jam Cellars"
"577";"Byron"
"578";"Charles Krug"
"580";"Cabo Wabo"
"581";"Cain"
"584";"Cakebread"
"588";"Caldora"
"590";"Calera"
"592";"Calico Jack"
"594";"Cambria"
"595";"Bodegas Campo Viejo"
"596";"Camus"
"597";"Canadian Club"
"598";"Canadian Mist"
"599";"Canei"
"602";"Gabriele"
"605";"Cantina Zaccagnini"
"607";"Cantine Colosi"
"608";"Riondo"
"609";"Caparzo"
"612";"Caposaldo"
"614";"Captain Morgan"
"615";"Caravella"
"616";"Caribaya"
"618";"Carlo Rossi"
"620";"Carmel Road"
"623";"Carolans"
"624";"Carpano"
"625";"Carpe Diem"
"626";"Carpineto"
"628";"Barons de Rothschild-Lafite"
"629";"Cartagena"
"631";"Cartlidge & Brown"
"632";"Casa Lapostolle"
"635";"Casamigos"
"637";"Vietti"
"639";"Cask & Cream"
"641";"Castello di Querceto"
"644";"Castello Monaci"
"645";"Castello Poggio"
"646";"Gabbiano"
"647";"Castiglion Del Bosco"
"648";"Castillo"
"649";"Castle Rock"
"656";"Cavoda"
"657";"Caymus"
"659";"Cazadores"
"660";"Cecchi"
"661";"Cellar No 8"
"662";"Ceretto"
"665";"Chappellet"
"666";"Cesari"
"667";"Chalk Hill"
"668";"Chalone"
"669";"Chamarre"
"672";"Chambord"
"673";"Jinro"
"674";"Chandon"
"676";"Chanson Pere & Fils"
"679";"Charbay"
"680";"Charles De Fere"
"681";"Charles Heidsieck"
"682";"Chartreuse"
"684";"Chasseur"
"697";"Rhone"
"706";"Hungry"
"717";"Chateau St. Jean"
"718";"Chateau Ste. Michelle"
"724";"Chi-Chi's"
"725";"Chimney Rock"
"726";"Chivas Regal"
"727";"Chloe"
"728";"Chopin"
"730";"Choya"
"731";"Christian Brothers"
"733";"Churchhills"
"734";"Cinzano"
"735";"Ciroc"
"736";"Citra"
"737";"Clan MacGregor"
"738";"Clarendon Hills"
"739";"Clase Azul"
"741";"Rum"
"742";"Cleto Chiarli"
"744";"Cline"
"746";"Clos du Bois"
"747";"Clos Du Val"
"748";"Clos Lachance"
"751";"Cloudy Bay"
"753";"Club"
"754";"Cluny"
"756";"Concha y Toro"
"757";"Cockburn's"
"758";"Cocktails By Jenn"
"759";"Codorniu"
"760";"Cointreau"
"762";"Schmitt Sohne"
"763";"Collegiata"
"767";"Colome"
"768";"Columbia Crest"
"769";"Compass Box"
"770";"Concannon"
"772";"Mount Brave"
"774";"Conn Creek"
"775";"Conquistador"
"777";"Cooks"
"778";"Cooralook"
"780";"Francis Coppola"
"781";"Corazon Tequila"
"783";"Corralejo"
"785";"Courvoisier"
"786";"Cousino Macul"
"788";"Covey Run"
"789";"CR Cellars"
"790";"Cragganmore"
"791";"Craggy Range"
"795";"Crane Lake"
"796";"Cribari Cellars"
"797";"Susana Balbo"
"799";"Montenegro"
"800";"Croft"
"801";"Crop Harvest Earth"
"802";"Paul Hobbs"
"804";"Crown Royal"
"805";"Cruz Garcia"
"807";"Cruzan"
"808";"Cupcake Wine"
"809";"Cusumano"
"810";"Cutty Sark"
"811";"Cuvaison"
"812";"Cynar"
"813";"D'Usse"
"814";"Da Vinci"
"815";"Daily's"
"816";"Dalmore"
"817";"Dalwhinnie Distillery"
"818";"Holland"
"819";"Dancing Bull"
"820";"Dante Robino"
"821";"David Bruce"
"822";"De Loach"
"823";"DeLeon"
"825";"Duckhorn Vineyards"
"826";"Deep Eddy Vodka"
"828";"DeKuyper"
"829";"Delamain"
"830";"Delicato"
"831";"Delille Cellars"
"832";"Devotion Vodka"
"833";"Dewar's"
"834";"Di Amore"
"836";"Disaronno Originale"
"837";"Di Trevi"
"838";"Diamond Creek"
"839";"George Dickel"
"841";"Diplomatico Rum"
"842";"Diseno"
"844";"Turkey"
"845";"Moet & Chandon"
"846";"Domaine Blain-Gagnard"
"847";"Domaine Bunan"
"850";"Domaine Drouhin"
"851";"Domaine Du Tariquet"
"853";"Domaine Du Vieux"
"855";"Domaine Michel Niellon"
"857";"Gekkeikan"
"858";"Domaine Pierre Gelin"
"859";"Domaine Ramonet"
"860";"Saint-Hilaire"
"865";"Domaine William Fevre"
"866";"Domaine de Vaufuget"
"869";"Domaine du Pere Caboche"
"870";"Dominus"
"871";"Don Alfonso"
"872";"Don Julio"
"874";"Don Q"
"875";"Dona Paula"
"876";"Donkey & Goat"
"880";"Donnhoff Riesling"
"882";"Donnhoff"
"884";"Dow's"
"885";"Dr Fischer"
"887";"Dr. Loosen"
"888";"Drambuie"
"890";"DuMol"
"891";"Duck Walk"
"892";"Duckhorn"
"895";"E&J Gallo"
"897";"E. Guigal"
"898";"Eagle Rare"
"899";"Ecco Domani"
"900";"Echeverria"
"901";"Ed Hardy"
"903";"Edna Valley"
"904";"Educated Guess"
"905";"Efe"
"906";"Effen Vodka"
"907";"El Coto de Rioja"
"909";"El Dorado"
"910";"El Jimador"
"911";"Elijah Craig"
"913";"Michael Mondavi"
"914";"Wilson Daniels"
"915";"True Fabrications"
"916";"Taylor Fladgate"
"918";"Erath"
"920";"Espolon"
"921";"Estate Hatzimichalis"
"922";"Estancia"
"923";"Etude"
"924";"Europa"
"925";"Evan Williams"
"928";"Moldova"
"929";"Fabiano"
"930";"Gallo Fairbanks"
"931";"Falesco"
"934";"Famous Grouse"
"935";"Far Niente"
"936";"Fat Bastard"
"937";"Fattoria del Cerro"
"938";"Faust"
"939";"Faustino"
"940";"Ferrari-Carano"
"941";"Fess Parker"
"943";"Valle de Uco"
"944";"Fetzer"
"948";"Nicolas Feuillatte"
"953";"Finest Call"
"954";"Finians"
"956";"Finlandia"
"957";"Fireball"
"958";"Firefly"
"959";"Fisheye"
"960";"Fleischmann's"
"961";"Flip Flop"
"962";"Flowers"
"963";"Folie a Deux"
"965";"Folonari"
"966";"Fonseca"
"968";"Fontana Candida"
"970";"Fontanafredda"
"971";"Foppiano"
"972";"Pine Ridge"
"973";"Forest Glen"
"976";"Four Roses"
"977";"Foxglove"
"978";"Foxhorn"
"979";"Franciscan Estate"
"980";"Frangelico"
"982";"Franzia"
"983";"Frapin"
"985";"Freemark Abbey"
"986";"Joseph Phelps"
"987";"Frei Brothers"
"988";"Fizz 56"
"989";"Freixenet"
"990";"Marchesi de' Frescobaldi"
"991";"Frey Vineyards"
"993";"Scandinavia"
"994";"Frog's Leap"
"995";"Fu-ki"
"996";"Gaja"
"997";"Galil Mountain"
"998";"Galliano"
"999";"Gallo Family Vineyards"
"1000";"Gambarelli & Davitto"
"1001";"Gancia"
"1002";"Gato Negro"
"1004";"Georges Duboeuf"
"1006";"George T. Stagg"
"1007";"Georgi"
"1008";"Gerard Bertrand"
"1011";"Geyser Peak"
"1012";"Ghost Pines"
"1013";"Glen Carlou"
"1014";"Glen Ellen Reserve"
"1018";"Glenkinchie"
"1019";"The Glenlivet"
"1021";"Glenmorangie"
"1023";"The Glenrothes"
"1024";"Gloria Ferrer"
"1025";"Gnarly Head"
"1026";"Godiva"
"1027";"Goldschlager"
"1028";"Goose Ridge"
"1029";"Gordon's"
"1030";"Gosling's"
"1032";"W&J Graham's"
"1033";"Gran Centenario"
"1034";"Gran Gala"
"1035";"Grand Marnier"
"1036";"Grants"
"1038";"Greg Norman"
"1041";"Grey Goose"
"1042";"Grgich Hills"
"1044";"Groth"
"1046";"Tenuta San Guido"
"1047";"Rex Goliath"
"1048";"Hahn Winery"
"1049";"Hanger 1"
"1050";"Hanna"
"1051";"Haras de Pirque Estate"
"1052";"Hardy Cognac"
"1055";"Sterling"
"1056";"Hawk Crest"
"1057";"Hazlitt"
"1059";"Heaven Hill"
"1060";"Hecht & Bannier"
"1061";"Hendrick's"
"1062";"Hennessy"
"1064";"Hermann J Wiemer"
"1065";"Herradura"
"1066";"Baron Herzon"
"1067";"Hess"
"1069";"Hetszolo"
"1070";"Hevron Heights"
"1071";"High West Whiskey"
"1074";"Highland Park"
"1076";"Hiram Walker"
"1077";"Hogue"
"1078";"Honeyrun"
"1079";"Honig"
"1080";"Hugel & Fils"
"1082";"Hundred Acre"
"1083";"I.W. Harper"
"1084";"Il Poggione"
"1085";"Robert John"
"1086";"Imperia"
"1087";"Don Guillermo de Mendoza"
"1088";"Cantina Gabriele"
"1089";"Pieerre"
"1090";"Laphroaig"
"1091";"Smirnoff"
"1092";"Terredora di Paolo"
"1093";"Louis Roederer"
"1094";"Independent Producers"
"1095";"Miolo"
"1097";"Inglenook"
"1098";"Rubicon Estate"
"1100";"Inniskillin"
"1104";"Irish Manor"
"1105";"Irish Mist"
"1106";"Iron Horse"
"1107";"Irony"
"1108";"Sandeman"
"1109";"Cave de Tain"
"1110";"J Vineyards & Winery"
"1111";"Joseph Hofstatter"
"1112";"J. Lohr"
"1114";"Jack Daniel's"
"1117";"Jack Nicklaus"
"1118";"Jackson-Triggs"
"1119";"Jacob's Creek"
"1121";"Jacquin's"
"1122";"Louis Jadot"
"1124";"Jameson"
"1125";"Jason's Vineyard"
"1126";"Jean-Louis Chavy"
"1127";"Jean-Luc Colombo"
"1128";"Jed Steele's"
"1129";"Jefferson's Bourbon"
"1130";"Jelu"
"1131";"Jeremiah Weed"
"1132";"Jerusalem Hills"
"1133";"Jewel Of Russia"
"1134";"Jim Beam"
"1136";"Jimador"
"1137";"Joel Gott"
"1138";"Joh. Jos. Prum"
"1139";"Bodegas Borsao"
"1140";"John Barr"
"1141";"John Begg"
"1142";"John Duval"
"1143";"Johnnie Walker"
"1144";"Jordan Winery"
"1146";"Jose Cuervo"
"1147";"Jose Maria da Fonseca"
"1149";"Joseph Carr"
"1150";"Joseph Drouhin"
"1153";"Juan Gil"
"1154";"Ty Ku"
"1156";"Justin Vineyard"
"1157";"KWV"
"1158";"Kah Tequila"
"1159";"Kahlua"
"1160";"Kedem"
"1161";"Kendall Jackson"
"1162";"Kenwood"
"1165";"Ketel One"
"1167";"Kim Crawford"
"1168";"King Estate"
"1169";"Knob Creek"
"1171";"Macedonia"
"1172";"Koonowla"
"1174";"Korbel"
"1175";"Kris"
"1176";"Krug Champagne"
"1178";"Kubler Absinthe"
"1179";"Kunde"
"1180";"L'Aventure"
"1181";"Long Island Spirits"
"1183";"Llord's"
"1184";"Luksusowa"
"1185";"LWC Loring Wine Company"
"1187";"La Braccesca"
"1188";"La Crema"
"1189";"La Croix de Carbonnieux"
"1192";"La Playa"
"1193";"La Rocca Vineyards"
"1194";"La Scolca"
"1195";"La Vendemmia"
"1196";"La Vieille Ferme"
"1197";"Laboure Roi"
"1199";"Laetitia Estate"
"1200";"Lagavulin"
"1201";"Lancers"
"1202";"Landmark Vineyards"
"1203";"Altos las Hormigas"
"1204";"Laurent Perrier"
"1205";"Layer Cake"
"1206";"Leaping Horse"
"1207";"Leroux"
"1209";"Leviathan"
"1210";"Lewis Cellars"
"1211";"Kentucky"
"1213";"Liberty Creek"
"1214";"Lillet"
"1215";"Lindemans"
"1217";"Lismore"
"1219";"Little Black Dress"
"1220";"The Little Penguin"
"1221";"Livingston"
"1222";"Livio Felluga"
"1225";"Lockhart"
"1226";"Lockwood"
"1227";"Long Shadows Winery"
"1229";"Louis M Martini"
"1230";"Luc Belaire"
"1232";"Luce Della Vite"
"1233";"Lucid"
"1234";"Luigi Righetti"
"1236";"Luna di Luna"
"1237";"M. Chapoutier"
"1239";"MacMurray Ranch"
"1240";"Macallan"
"1246";"Maison Nicolas"
"1247";"Majorska"
"1248";"Maker's Mark"
"1250";"Malibu"
"1251";"Man Vintners"
"1253";"Belgium"
"1254";"MandraRossa"
"1255";"Manischewitz"
"1256";"Marchesi De Frescobaldi"
"1257";"Marchesi di Barolo"
"1258";"Marco Negri"
"1259";"Marietta"
"1260";"Marilyn"
"1261";"Marimar"
"1262";"Mark West"
"1263";"Markham"
"1264";"Markovic Estate"
"1265";"Markus Molitor"
"1266";"Marques de Caceres"
"1267";"Marques de Murrieta"
"1268";"Marques de Riscal"
"1269";"Marquis Philips"
"1270";"Martell"
"1272";"Marti Autentico"
"1274";"Bodegas Martin Codax"
"1275";"Miller's Gin"
"1276";"Martin Ray"
"1277";"Martini & Rossi"
"1279";"Masi"
"1280";"Massimo"
"1281";"Master of Mixes"
"1282";"Mantanzas Creek"
"1285";"Matua Valley"
"1286";"Mazzoni"
"1287";"McCray Distillery"
"1290";"McManis"
"1291";"Mcwilliam's"
"1292";"Meiomi"
"1293";"MerSoleil"
"1294";"Mer Soleil"
"1295";"Mercer Wine Estates"
"1297";"Mergler & Engel"
"1298";"Meridian"
"1299";"Merryvale"
"1300";"Metaxa"
"1301";"Mettler"
"1302";"Meukow Cognac"
"1303";"Mezzacorona"
"1305";"Michel Torino"
"1306";"Michele Chiarlo"
"1307";"Michter's"
"1308";"Netherlands"
"1309";"Midleton Irish Whiskey"
"1310";"Midnight Moon"
"1311";"Midori"
"1312";"Mija"
"1313";"Milagro Tequila"
"1314";"Mionetto"
"1315";"Mirassou"
"1317";"Moletto"
"1318";"Molly's"
"1319";"Mollydooker"
"1321";"Mommy's Time Out"
"1322";"Monkey Bay"
"1323";"Castello di Monsanto"
"1324";"MontGras"
"1325";"Monte Degli"
"1326";"Bodegas Riojanas"
"1327";"Monte Velho"
"1328";"Montebello"
"1329";"Montecillo"
"1331";"Montes"
"1332";"Montezuma"
"1333";"Montinore Estate"
"1334";"Moon Mountain"
"1335";"Morgan Winery"
"1336";"Mortlach Distillery"
"1338";"Mount Gay"
"1339";"Mr. Boston"
"1340";"Muga"
"1341";"Mulderbosch"
"1342";"Mumm"
"1343";"Mumm Napa Valley"
"1344";"Murphy-Goode"
"1345";"Murrieta"
"1346";"Myers's"
"1347";"Myx"
"1348";"Nando"
"1349";"Napa Cellars"
"1350";"Napa Ridge"
"1351";"Nautique"
"1352";"Navarro Correas"
"1353";"Nemiroff"
"1354";"Nevada County"
"1355";"New Amsterdam"
"1356";"Newton"
"1357";"Neyers Winery"
"1358";"Nickel & Nickel"
"1361";"Nikka Whisky"
"1362";"Nine Hats"
"1363";"Nino Franco"
"1364";"Nobilo"
"1366";"Noilly Prat"
"1367";"Northstar"
"1368";"Norton Ridge"
"1369";"Tenuta di Nozzole"
"1370";"Nugan Estate"
"1372";"Numanthia"
"1373";"Nuvo"
"1374";"North by North West"
"1375";"Oban"
"1376";"M Mondavi"
"1378";"Old Forester"
"1379";"Old Grand-Dad"
"1380";"Old New England Egg Nog"
"1381";"Old Pulteney"
"1382";"Old Smuggler"
"1383";"Olifant"
"1384";"Oliverhill Winery"
"1385";"Olivier Leflaire"
"1386";"Olmeca Altos"
"1387";"Opici"
"1388";"Opus One"
"1389";"Organic Wine Works"
"1390";"Orleans Hill"
"1391";"Tenuta Dell Ornellaia"
"1392";"Orogency"
"1393";"Orphan Barrel"
"1394";"Oxford Landing"
"1395";"Oyster Bay"
"1396";"Oz Well"
"1398";"Ozeki Sake"
"1400";"Pacific Redwood"
"1401";"Paco Chicano"
"1402";"Pago del Vicario"
"1404";"Palladio"
"1405";"Pallini"
"1406";"Pama"
"1407";"Paolucci"
"1408";"Pinnacle"
"1409";"Papio"
"1410";"Paraiso"
"1411";"Parducci"
"1412";"Parker's"
"1413";"Partida Tequila"
"1414";"Pascal Jolivet"
"1415";"Paso Creek"
"1416";"Passa Tempo"
"1418";"Pat Paulsen"
"1419";"Patron"
"1420";"Patz & Hall"
"1421";"Paul Dolan Vineyards"
"1422";"Paul Masson"
"1423";"Paumanok"
"1424";"Pearl Vodka"
"1425";"Peconic Bay"
"1426";"Peligroso Tequila"
"1427";"Penfolds"
"1428";"Pennsylvania Dutch"
"1429";"Pere Anselme"
"1430";"Pernod"
"1431";"Perrier Jouet"
"1432";"Perrin & Fils"
"1434";"Peter Lehmann"
"1435";"Peter Vella"
"1436";"Peters Family"
"1437";"Philippe Colin"
"1439";"Pierre Chainier"
"1440";"Pierre Matrot"
"1441";"Pietrafitta"
"1442";"Pimm's"
"1443";"Pinch"
"1444";"Pindar"
"1446";"Pio Cesare"
"1447";"Piper Heidsieck"
"1449";"Placido"
"1450";"Plantaze"
"1451";"PlumpJack"
"1452";"Plymouth"
"1454";"Poderi Colla"
"1456";"Pol Roger"
"1457";"Poli"
"1458";"Poliziano"
"1460";"Pommery"
"1461";"Ponzi Vineyards"
"1462";"Port Ellen"
"1464";"Portal Los Andes"
"1465";"Pravda"
"1466";"Presidential"
"1467";"Pride & Clarke"
"1469";"Urban Uco"
"1470";"Principessa"
"1471";"Prisoner Wine Company"
"1472";"Produttori"
"1473";"Provenance"
"1474";"Prunotto"
"1475";"Dekuyper"
"1476";"Pueble Viejo"
"1477";"Puerto Viejo"
"1478";"Punzone"
"1479";"Pyrat"
"1480";"Queirolo"
"1484";"Quintessa"
"1485";"R. Jelinek"
"1486";"R.H. Phillips"
"1487";"R.L. Buller & Son"
"1488";"Raats"
"1489";"Rabbit Ridge"
"1490";"Raimat"
"1491";"Rainstorm"
"1492";"Ramazzotti"
"1493";"Ramey Cellars"
"1494";"Ramon Bilbao"
"1495";"Ramsay"
"1496";"Rancho Zabaco"
"1497";"Rapitala"
"1498";"Rashi"
"1499";"Ravenswood"
"1500";"Raymond Vineyards"
"1501";"Recanati"
"1502";"Red Bicyclette"
"1503";"Red Diamond"
"1504";"Red Rock"
"1505";"Red Truck"
"1507";"Redbreast"
"1508";"Redemption"
"1509";"Redtree"
"1510";"Redwood Creek"
"1511";"Reilly's"
"1512";"Remy Martin"
"1513";"Renato Ratti"
"1514";"Renwood"
"1516";"Reyka Vodka"
"1518";"Ridge Vineyards"
"1519";"Riedel Vinum"
"1520";"Riunite"
"1522";"Robert Craig"
"1523";"Robert Foley"
"1524";"Robert Mondavi"
"1525";"Rocca delle Macie"
"1527";"Rock & Vine"
"1528";"Rodell Napoleon"
"1529";"Rodney Strong"
"1531";"Rokk"
"1532";"Romana"
"1533";"Rombauer"
"1535";"Ron Abuelo"
"1536";"Ron Barcelo"
"1538";"Nicaragua"
"1539";"Ron Zacapa"
"1540";"Rosemount Estate"
"1541";"Rosenblum"
"1542";"Rotari"
"1543";"Roth Estate"
"1544";"Serbia"
"1546";"Ruinart"
"1547";"RumChata"
"1548";"Rumple Minze"
"1549";"Ruskova"
"1550";"Russian Standard"
"1551";"Rutherford Hill"
"1552";"Rutherford Ranch"
"1553";"Screw Kappa Napa"
"1554";"Sailor Jerry"
"1555";"Saint Cosme"
"1557";"Saint Josef"
"1558";"Saintsbury"
"1560";"Salentein"
"1561";"Salignac"
"1562";"Salviano"
"1563";"Samos"
"1565";"San Giorgio"
"1566";"San Giuseppe"
"1569";"Santa Barbara Wine Company"
"1570";"Santa Ema"
"1571";"Santa Julia"
"1572";"Santa Margherita"
"1574";"Santa Marina"
"1575";"Santa Rita"
"1576";"Santa Teresa"
"1577";"Santero"
"1578";"Sartori di Verona"
"1579";"Sauza"
"1580";"Savory & James"
"1581";"Sazerac"
"1582";"Sbragia"
"1583";"Scharffenberger"
"1584";"Schenley"
"1585";"Schmitt Shone"
"1586";"Schramsberg"
"1589";"Seaglass"
"1590";"Seagram's"
"1592";"Sebastiani"
"1593";"Sebeka"
"1594";"Segal's"
"1595";"Seghesio"
"1596";"Segura Viudas"
"1597";"Selbach"
"1598";"Stellina di Notte"
"1599";"Woodford Reserve"
"1600";"Sella & Mosca"
"1601";"Senator's Club"
"1602";"Senor Sangria"
"1603";"Sensi"
"1604";"Sequana"
"1605";"Sequin"
"1606";"Sequoia Grove"
"1607";"Seven Daughters"
"1608";"Shafer"
"1610";"Shimizu-No-Mai Sake"
"1611";"Siete Leguas"
"1612";"Silver Palm"
"1613";"Silverado Vineyards"
"1615";"Silvio Grasso"
"1616";"Simi"
"1617";"Simonetti"
"1618";"Simonnet-Febvre"
"1619";"Simply Naked"
"1620";"Singleton"
"1621";"Skinnygirl"
"1622";"Skyy"
"1623";"Sledgehammer"
"1624";"Slices Sangria"
"1625";"Slim Spirits"
"1626";"Smoking Loon"
"1627";"Snap Dragon"
"1628";"Snow Queen"
"1629";"Sobieski"
"1630";"Sogno Di Sorrento"
"1631";"Soldo"
"1632";"Soleil"
"1633";"Sonoma Vineyards"
"1634";"Sonoma Cutrer"
"1635";"Sopranos"
"1636";"Southern Comfort"
"1637";"Souverain"
"1638";"Spellbound"
"1639";"Speyburn"
"1640";"Spring Mountain Vineyard"
"1641";"Spring Valley"
"1642";"St Francis"
"1643";"St. Hallett"
"1644";"St Supery"
"1645";"Staglin Estate"
"1646";"Stags' Leap Winery"
"1647";"Stag's Leap Wine Cellars"
"1648";"Stanislav"
"1649";"Starborough"
"1650";"Starbucks"
"1653";"Stellar Organics"
"1654";"Steve Hoff"
"1656";"Stirrings"
"1657";"Stival"
"1658";"Stock"
"1659";"Stolichnaya"
"1660";"Stone Cellars"
"1661";"Stoneleigh"
"1662";"Stonestreet"
"1663";"Stranahan's"
"1664";"Los Generales"
"1665";"Stroh"
"1666";"Stuhlmuller"
"1667";"Suntory"
"1668";"Surf Shack"
"1669";"Sutter Home"
"1670";"Svedka"
"1671";"Swanson"
"1672";"Sweet Bitch"
"1673";"Sweet Bliss"
"1674";"Swiss Colony"
"1675";"Sycamore Lane"
"1676";"T.G.I.Fridays"
"1678";"Taittinger"
"1681";"Talisker"
"1682";"Tamdhu"
"1683";"Tangley Oaks"
"1684";"Tanqueray"
"1685";"Tanteo"
"1686";"Tapena"
"1687";"Tarima Hill Monastrell"
"1688";"Taylor"
"1689";"Taz"
"1690";"Teal Lake"
"1691";"Tedeschi"
"1692";"Yeni Raki"
"1693";"Templeton"
"1694";"Tempus Fugit"
"1695";"Chateau Bonnet"
"1696";"Tenuta Sant'Antonio"
"1697";"Tenuta dell'Ornellaia"
"1698";"Tequila Rose"
"1699";"Terlato"
"1700";"Terra D Oro"
"1701";"Terra Vega"
"1702";"Terrabianca"
"1703";"Terrazas"
"1704";"Terre Di Bo"
"1706";"Teruzzi & Puthod"
"1707";"The Calling"
"1708";"The Federalist"
"1709";"The Naked Grape"
"1710";"The Show"
"1711";"The Spanish Quarter"
"1712";"The Wild Geese Irish Soldiers"
"1713";"Thorny Rose"
"1714";"Three Olives"
"1715";"Tia Maria"
"1716";"Tisdale"
"1717";"Tito's"
"1718";"Toasted Head"
"1719";"Toison d'Or"
"1721";"Tolloy"
"1723";"Tomasello"
"1725";"Tomatin"
"1726";"Tommy Bahama"
"1727";"Tooters"
"1728";"Tormaresca"
"1729";"Toro De Piedra"
"1730";"Torresella"
"1731";"Toschi"
"1732";"Trapiche"
"1733";"Travaglini"
"1734";"Trefethen"
"1735";"Trimbach"
"1736";"Trinchero"
"1738";"Trivento"
"1740";"Tullamore Dew"
"1741";"Turning Leaf"
"1742";"Tuthilltown Spirits"
"1743";"Tutidi"
"1744";"Twenty Bench"
"1745";"Twenty Grand"
"1746";"Two Hands Wines"
"1747";"Tyler Florence"
"1748";"Tyrconnell"
"1749";"UV Vodka"
"1750";"Ultimat"
"1751";"Undurraga"
"1752";"Uppercut"
"1753";"Pensoes de Lafleur"
"1754";"Vacu Vin"
"1755";"Valdivieso"
"1756";"Valley of the Moon"
"1757";"Vampire"
"1758";"Vincent Van Gogh"
"1759";"Vecchia Romagna"
"1760";"Vendage"
"1761";"Verdi"
"1762";"Verget"
"1763";"Vesica"
"1764";"Veuve Clicquot"
"1765";"Vikingfjord"
"1766";"Villa Armando"
"1767";"Villa Jolanda"
"1768";"Villa Maria"
"1769";"Villa Pozzi"
"1770";"Villa Rosa"
"1771";"Villa Wolf"
"1772";"Villabella"
"1774";"Bodegas Gormaz"
"1775";"Vineyard 29"
"1776";"Vino de Eyzaguirre"
"1777";"Vodkila"
"1778";"Voga"
"1779";"Voli"
"1780";"White Horse"
"1781";"Walnut Crest"
"1782";"Warre's Port"
"1786";"Whipped Lightning"
"1787";"Whistle Pig"
"1788";"White Nights"
"1789";"Whitehall Lane"
"1790";"Wyndham Estate"
"1791";"Widmer Lake"
"1792";"Widow Jane"
"1793";"Wild Goat"
"1794";"Wild Horse"
"1795";"Wild Turkey"
"1796";"Willamette Valley Vineyards"
"1797";"Willett Pot Still"
"1798";"William Hill"
"1799";"Willm"
"1800";"Willy Jack"
"1801";"Wines that Rock"
"1802";"Wolf Blass"
"1804";"J. Wray & Nephew"
"1805";"Wyatt"
"1806";"Wynns"
"1807";"Xavier Flouret"
"1809";"Yago"
"1810";"Yarden"
"1811";"Yellow & Blue"
"1812";"Yellow Tail"
"1813";"Yellowglen"
"1814";"Yukon Jack"
"1815";"Zaca Mesa"
"1816";"Zachlawi"
"1817";"Zenato"
"1818";"Zippers"
"1819";"Zonin"
"1820";"Zyr"
"1821";"AnCnoc"
"1823";"Bodegas Olarra"
"1824";"Casal Garcia"
"1825";"Casarena"
"1826";"Carnivor"
"1827";"Chateau Faugeres"
"1828";"Espelt"
"1829";"Ilauri"
"1830";"Pierre Dupond"
"1836";"Ponche Kuba"
"1901";"Dolcea"
"1909";"Wrap Art"
"1910";"Alibi"
"1911";"Buitenverwachting"
"1912";"Forres Park"
"1913";"James E. Pepper"
"1914";"Mas Carlot"
"1915";"The Prisoner Wine Company"
"1916";"Vigneti"
"1917";"Domaines Ott"
"1918";"Bayou"
"1919";"Averna"
"1920";"Zubrowka"
"1921";"Domaine de Beaurenard"
"1922";"Alianca"
"1923";"Bodegas Ego"
"1924";"Pocas Junior"
"1925";"Tarima Hill"
"1926";"Morandini"
"1927";"Bodegas Ateca"
"1928";"Columbia Winery"
"1929";"Serafini & Vidotto"
"1930";"Heinz Eifel"
"1931";"Foris Vineyards"
"1932";"Famille Hugel"
"1933";"Chizay"
"1934";"Zmora"
"1935";"Bernard Magrez"
"1936";"Godet"
"1937";"Angeli di Varano"
"1938";"Bodega Rivero Gonzalez"
"1939";"Bodegas Illana"
"1940";"Bodegas Lambuena"
"1941";"Madonna dell'Uva"
"1942";"Mallee Estate Winery"
"1943";"Mevi"
"1944";"Monowai Estate"
"1945";"Volcanic Hills Winery"
"1946";"Troublemaker"
"1947";"Aviation"
"1948";"Greystone Cellars"
"1949";"Protea"
"1950";"High West Distillery"
"1951";"Bouchard Aine & Fils"
"1952";"J. Moreau & Fils"
"1953";"Cardenal Mendoza"
"1954";"Scrappy's Bitters"
"1956";"Kooksoondang"
"1957";"Kraken"
"1958";"Siduri"
"1959";"Heering"
"1960";"Handcraft"
"1961";"Belle Ambiance Family Vineyard"
"1962";"Canti Estate"
"1963";"Robert Oatley"
"1964";"Santa Sofia"
"1965";"Tenuta San Pietro"
"1966";"Treana"
"1968";"Boekenhoutskloof"
"1969";"Ruta 22"
"1970";"Chateau Lafleur"
"1971";"Chateau Petrus"
"1972";"Clean Slate"
"1973";"Joto"
"1974";"Brooklyn Republic Vodka"
"1975";"Crystal Head"
"1976";"Saved Wine"
"1977";"The Dreaming Tree"
"1978";"Velenosi"
"1979";"Gautier Cognac"
"1980";"Pulenta Estate"
"1981";"The Pinot Project"
"1982";"Z. Alexander Brown"
"1983";"Drylands Winery"
"1984";"Primal Roots"
"1987";"Deau Cognac"
"1988";"Castello di Gabbiano"
"1989";"Excelsior"
"1990";"Woodward Canyon"
"1992";"Marquis De Brim"
"1996";"Death's Door Distillery"
"1997";"Indaba"
"1998";"Jam Jar"
"1999";"Kaiken"
"2000";"Kinky"
"2001";"Usquaebach"
"2002";"Marnier-Lapostolle"
"2003";"Portada"
"2009";"90+ Cellars"
"2010";"Chateau-Thierry"
"2011";"Bubba's Secret Stills"
"2012";"Cono Sur"
"2013";"Green Spot"
"2014";"Hpnotiq"
"2015";"Villa Massa"
"2016";"Conundrum"
"2018";"Antigal"
"2019";"Chateau Pigoudet"
"2020";"Los Noques"
"2021";"O'Mara's"
"2022";"Chateau Certan de May"
"2023";"Chateau De Pez"
"2024";"Edge Wines"
"2025";"Monte Antico"
"2026";"Kanonkop"
"2027";"Arrowood"
"2028";"Carneros Hills Winery"
"2029";"Cooper & Thief Cellarmasters"
"2030";"Arrowwod"
"2031";"Atalon"
"2032";"Marc Mondavi The Divining Rod"
"2034";"Santa Alicia"
"2035";"Chateau D'Aqueria"
"2036";"St. George"
"2037";"Di Majo Norante"
"2039";"Party Essentials"
"2040";"Artadi"
"2041";"Baker's"
"2042";"Barton"
"2043";"Bodega Dehesa de los Canonigos"
"2044";"Carpe Vino"
"2045";"Feudi"
"2047";"VH Winery"
"2048";"Vineyard 48 Winery"
"2049";"Belles Eaux"
"2050";"Chateau Barade"
"2051";"Ch Charmant"
"2052";"Chateau D'Arsac"
"2053";"Chateau Du Retout"
"2054";"Chateau Gigault"
"2055";"Chateau LaTour L'Aspic"
"2056";"156708"
"2057";"Chateau Lanessan"
"2058";"Chateau Maurac"
"2059";"Chateau de Camarsac"
"2060";"Chateau du Tertre"
"2061";"Chevalier de Lascombes"
"2062";"Domaine Grand Plantier"
"2063";"Duluc de Branaire-Ducru"
"2064";"Fattoria La Lecciaia"
"2065";"Schonauer"
"2066";"Tenuta di Sesta"
"2067";"Zardini"
"2068";"Adriano Marco E Vittorio"
"2069";"Cantina Del Nebbiolo"
"2070";"Feudo di Santa Croce"
"2071";"Terre Del Barolo"
"2074";"Chateau Lagrange"
"2075";"Chateau Grand-Puy Ducasse"
"2076";"Chateau Charmant"
"2077";"Milestone"
"2078";"PopCrush"
"2079";"Biokult"
"2081";"Les Hauts de Lagarde"
"2082";"Wolffer Estate"
"2083";"Chateau Lascombes"
"2084";"Agwa"
"2085";"Coole Swan"
"2086";"1000 Stories"
"2087";"Absente Absinthe"
"2088";"Big House Wine Company"
"2089";"Bodega Toneles"
"2090";"Castello del Poggio"
"2091";"Chateau La Grange Clinet"
"2092";"Chateau Mirefleurs"
"2093";"Loma Larga Vineyards"
"2094";"Luxardo"
"2095";"Surf Swim"
"2099";"Chateau Montelena"
"2100";"Cantine Del Borgo Reale"
"2101";"Lykos Winery"
"2102";"Kutskova"
"2103";"Borgo Scopeto"
"2104";"Copain"
"2106";"Casas Del Bosque"
"2107";"Elouan"
"2109";"Green Mark"
"2110";"Stella Rosa"
"2113";"Ransom"
"2114";"Harken"
"2115";"Line 39"
"2116";"le Roi des Perres"
"2117";"Kavalan"
"2118";"Marco Zunino"
"2120";"French Escape"
"2121";"Old Overholt"
"2124";"Ernie Els"
"2125";"Armand de Brignac"
"2126";"William Wolf"
"2127";"Rhum Barbancourt"
"2128";"Pendleton"
"2129";"Afianes Wines"
"2130";"Can Feixes"
"2133";"Huguet de Can Feixes"
"2134";"O'Neill Vintners"
"2135";"Corner Creek"
"2136";"Once Upon A Vine"
"2137";"50 Degree"
"2138";"Capezzana"
"2139";"Dolin"
"2140";"Pertinace"
"2141";"Seaside Cellars"
"2142";"MAD Wines"
"2143";"Lautrec"
"2144";"Langley's"
"2145";"Marquis de Greyssac"
"2146";"Anselmi"
"2147";"Marie Brizard"
"2148";"Loveblock"
"2149";"Nautilus"
"2150";"Birdstone"
"2151";"Goldstone"
"2153";"Johnny Drum Bourbon"
"2154";"Rebellion Bourbon"
"2155";"Tenuta Mazzolino"
"2156";"Johnny Drum"
"2157";"Patriarche Pere & Fils Winery"
"2158";"La Pinta"
"2159";"Belle Isle Craft Spirits"
"2160";"Blood Oath"
"2161";"Lime Stone Branch"
"2162";"Edmeades"
"2163";"Purple Heart"
"2164";"Torres"
"2165";"Domaine Durand"
"2166";"Los Boldos"
"2167";"25 Lagunas"
"2168";"Aime Roquesante"
"2169";"Angeline"
"2170";"Durango"
"2171";"Alpes de Haute"
"2172";"Chateau Montaud"
"2173";"Domaine Barcelo"
"2174";"Chateau Vignelaure"
"2175";"L'Opale"
"2176";"La Princess"
"2177";"Memoires"
"2178";"MiMi"
"2179";"Petit Coeur"
"2180";"Yuu Baal"
"2181";"Blue Nectar"
"2182";"House Wine"
"2183";"Pepperwood Grove"
"2184";"Cabrito"
"2185";"Menage a Tros"
"2186";"Magnum"
"2187";"Slow Press"
"2188";"Bonnie Rose"
"2189";"Ca' Montini"
"2190";"St. Germain"
"2191";"Tromba"
"2192";"Orquestal"
"2194";"3 Kilos"
"2195";"Casa Santos Lima"
"2196";"Cosentino"
"2197";"Black Ink"
"2198";"Bouvet"
"2199";"Broadbent"
"2200";"Count Karolyi"
"2201";"Fleur"
"2202";"Fritz Muller"
"2203";"JAM"
"2204";"Kettmeir"
"2205";"Le Brun"
"2206";"Nobilissima"
"2207";"North Fork"
"2208";"Slane"
"2209";"Castillo de Monseran"
"2210";"Chateau Trians"
"2211";"Domaine Gueguen"
"2212";"Domaine des Bouzons"
"2213";"Domaine du Vieil Orme"
"2214";"Chateau de Brigue"
"2215";"Slane Irish Whiskey"
"2216";"White Girl"
"2217";"Bougrier"
"2218";"Chateau Amour"
"2219";"Chateau D'Esclans"
"2220";"Chateau De Bon Ami"
"2221";"Chateau La Graviere"
"2222";"Chateau Montlabert"
"2223";"Chateau d' Arcins"
"2224";"Domaine Serene"
"2225";"Casa Rojo"
"2226";"Montalcour"
"2227";"Tavernello"
"2228";"Esser"
"2229";"Paxis"
"2230";"Au Contraire"
"2231";"Campolargo"
"2232";"Vins Auvigue"
"2233";"Jackson Estate"
"2234";"Planeta"
"2235";"WillaKenzie Estate"
"2236";"Willakenzie Estate"
"2238";"Angela Vineyards"
"2239";"Barrymore"
"2240";"Freemark Abby"
"2241";"Matanzas Creek"
"2242";"Moskovskaya"
"2243";"JAM Cellars"
"2244";"Peter Brum"
"2245";"Aperol"
"2246";"Medici Ermete"
"2247";"Paul John"
"2248";"Cosentino Winery"
"2249";"Smoke Tree"
"2251";"Corvo"
"2252";"La Marca"
"2253";"Poema"
"2254";"Tenshen"
"2255";"Ladoucette"
"2256";"Guarachi"
"2257";"Mullan Road Cellars"
"2258";"Andresen"
"2259";"Adega de Moncao"
"2260";"Fuzelo"
"2261";"Muralhas de Moncao"
"2262";"Quinta do Vale"
"2263";"Santa Alba"
"2264";"Aromo"
"2265";"Adega Mae"
"2266";"Quinta De Cabriz"
"2267";"H&M Hofer"
"2268";"Schlosskellerei Gobelsburg"
"2269";"Cedar Ridge"
"2270";"Champ de Reve"
"2271";"Lot 40"
"2272";"Rebel Yell"
"2273";"StoneStreet"
"2274";"Canton"
"2275";"Champ de Reves"
"2276";"Amaro Nonino"
"2277";"Don Pancho Rum"
"2278";"Tiramisu"
"2279";"Riazul"
"2281";"Marchesini"
"2282";"Ulman"
"2283";"King"
"2284";"New Harbor"
"2285";"FEW Spirits"
"2286";"Mezcal Union"
"2288";"Ulmen"
"2289";"Swish"
"2290";"Anselmo Mendes"
"2291";"Federico Paternina"
"2292";"Herdade do Grous"
"2293";"Barone Fini"
"2294";"Deutsch"
"2295";"Gary Farrell"
"2296";"Lusty Claw"
"2297";"Old Barrel"
"2298";"Prince Dubarry"
"2299";"Aiko"
"2300";"Benvolio"
"2301";"Chateau Leoube"
"2302";"Blue Chair"
"2303";"Faretti"
"2304";"Sensei Whiskey"
"2305";"True Frabications"
"2306";"True Fabrication"
"2307";"Ch German"
"2308";"Domaine Harmonie"
"2309";"Roots Run Deep Winery"
"2310";"Domaine Somail"
"2311";"Chateau Carignan"
"2312";"Mazzetti"
"2313";"Pamplune"
"2314";"Fortress"
"2315";"Hakutsuru"
"2316";"Celler De Capcanes"
"2317";"Domaine des Nouelles"
"2318";"Gothic Winery"
"2319";"Loca Linda"
"2320";"Maquina & Tabla"
"2321";"Ruby Red Rose"
"2322";"Union Wine Co."
"2323";"Centinela"
"2324";"La Chapelle Gordonne"
"2325";"Heidsieck & Co Monopole"
"2326";"La Demoiselle"
"2327";"Bodegas Valdemar"
"2328";"Blue Ice"
"2329";"Peychaud's"
"2330";"Punica"
"2331";"Altovinum"
"2332";"Domaine Anderson"
"2333";"Lustau"
"2334";"The Seeker"
"2335";"Bodegas Breca"
"2336";"Domaine Hubert Brochard"
"2337";"StrapHanger"
"2338";"Bodega Nekeas"
"2339";"Chateau de Saint Martin"
"2340";"Esporao"
"2341";"Smooth Ambler"
"2342";"Baron Darbel"
"2343";"Gin Mare"
"2344";"Bodega de San Antonio"
"2345";"Opaque"
"2346";"Prophecy"
"2347";"San Simeon"
"2348";"Jermann"
"2349";"Saget La Perriere"
"2350";"Carroll's"
"2351";"Resonance"
"2352";"El Buho"
"2353";"Fulton's Harvest"
"2354";"Le Pere Jules"
"2355";"Caribou Crossing"
"2356";"Hatfield & Mccoy"
"2357";"Ramos Pinto"
"2358";"Spring Hill Bourbon"
"2359";"Delas Freres"
"2360";"Chateau St.Cyr"
"2361";"Charles Pelletier"
"2362";"Domaine Gerard Miller"
"2363";"Les Terrasses"
"2365";"Paul de Coste"
"2366";"Cambrian Rock"
"2367";"Dopff Au Moulin"
"2368";"Les Grands Bouillons"
"2369";"Settlers Estate"
"2370";"Stolen Spirits"
"2371";"Telegraph Station"
"2372";"Dissident"
"2373";"Emiliana Organic Vineyards"
"2374";"Potro De Piedra"
"2375";"Vina Requingua"
"2376";"Odette Estate"
"2377";"True"
"2378";"Banfi"
"2379";"Klinker Brick"
"2380";"PROXIMO"
"2381";"Darkhorse"
"2382";"True Vodka"
"2383";"Bava Wine"
"2384";"Bodega Septima"
"2385";"Cantina di Venosa"
"2386";"Domaine de Montalon"
"2387";"Fattoi"
"2388";"Frais & Decomplexe"
"2389";"House Jam Wine"
"2390";"Les Roches Blanches"
"2391";"Maison Louis Bellevue"
"2392";"Pellegrino Estate"
"2393";"Philippe Deval"
"2394";"R Stuart"
"2395";"Rubesto"
"2396";"Sardo Tenute Soletta"
"2397";"Secret Cellars"
"2398";"Torre Vento"
"2399";"Zorzettig"
"2400";"Virginia Distillery Co."
"2401";"Antiche Terre Venete"
"2402";"Mount Peak"
"2403";"Silk and Spice"
"2404";"1792 Bourbon"
"2405";"Chateau Lassus"
"2406";"Chateau Lestruelle"
"2407";"Chateau Reynon"
"2408";"Chateau Vircoulon"
"2409";"Melrose Estate Grown"
"2410";"Shackleton Blended Malt Scotch"
"2411";"Sordo"
"2412";"TwentyFour"
"2413";"Ramon Canals"
"2414";"Enroute"
"2415";"BenRiach"
"2416";"J Roget American Champagne"
"2417";"Macrostie"
"2418";"Agricola Punica"
"2419";"Casa Azul Winery"
"2420";"Chateau La Nerthe"
"2421";"Chateau Tour Prignac"
"2422";"Dos Maderas Rum"
"2423";"Dry Sack Sherry"
"2424";"Kentucky Owl"
"2425";"Kentucky Peerless Distilling"
"2426";"Chateau Beli-Air"
"2427";"Chateau Cormeil-Figeac"
"2428";"Chateau Ferrande"
"2429";"Chateau Macou-La-Grange"
"2430";"Chateau Malbec"
"2431";"Gran Duque"
"2433";"Bear Flag"
"2434";"Molino del Piano"
"2435";"Mendoza Vineyards"
"2436";"Vina Palaciega"
"2437";"Bellows"
"2438";"Tequila Revolucion"
"2439";"Voda"
"2440";"Imagery Estate Winery"
"2441";"True Fabircations"
"2442";"Chateau Gloria"
"2443";"Bonfadini Franciacorta"
"2444";"Gyeongju Beopju"
"2445";"Voda Vodka"
"2446";"Tote and Able"
"2447";"Highland Queen"
"2448";"Old Pogue Bourbon"
"2449";"Hine"
"2450";"Renieri"
"2451";"Black Stallion"
"2452";"Chateau Maris"
"2453";"Domaine Paul Prieur"
"2454";"Veuve du Vernay"
"2456";"Merani"
"2457";"Las Acequias"
"2458";"Amalaya"
"2459";"Bottega Vinaia"
"2460";"Chateau Les Grandes Mottes"
"2461";"Chateau de Ribebon"
"2462";"Chateau de la Chesnaie"
"2463";"Clos du Roy"
"2464";"Disznoko"
"2465";"Do Zoe"
"2466";"Dog Point"
"2467";"Domaine du Colombier"
"2468";"Errazuriz Winery"
"2469";"Grand Baillard"
"2470";"Hacienda Lopez de Haro"
"2471";"La Kiuva Winery"
"2472";"Malfy Gin"
"2473";"West Cork Distillers"
"2474";"Casata Monticello"
"2475";"Chateau Martin"
"2476";"Chateau Pineau"
"2477";"Dominum QP"
"2478";"Don Aurelio"
"2479";"Flechas De Los Andes"
"2480";"La Chateau Rose Chatain"
"2481";"Marquis de Bel-Air"
"2482";"Unio Cellers"
"2483";"Chateau La Fleur"
"2484";"Tenuta Sette Ponti"
"2485";"Tenuta La Fuga"
"2486";"Zamaca Liqueur"
"2487";"Americana Vodka"
"2488";"2017"
"2489";"Maison Cubi"
"2490";"Broker's"
"2491";"Cloutier"
"2492";"Dr. Konstantin Frank"
"2493";"Foro"
"2494";"Fritz Windisch"
"2495";"Schloss Vollrads Estate"
"2496";"Nik Weis - St. Urbans-Hof"
"2497";"Chateau De Beaucastel"
"2498";"Riga Black"
"2499";"Dulce Vida Tequila"
"2500";"Maison Castel"
"2501";"Tenute Silvio Nardi"
"2502";"Cane Run Estate Rum"
"2503";"Danzante"
"2504";"Victoria Distillers"
"2506";"The Expressionist"
"2507";"Glendronach"
"2508";"Recchia"
"2509";"Forty 40 Ounce"
"2510";"Wolfer Estate"
"2511";"Trenel"
"2512";"Antioqueno"
"2513";"Henri de Montignac"
"2514";"Luscious"
"2515";"Solar de Alarcos"
"2516";"Terrai"
"2517";"Vermouth Perucchi"
"2518";"Cockspur Rum Overproof"
"2519";"Fattoria Sardi"
"2520";"Lamole di Lamole"
"2521";"Tenuta Sassoregale"
"2522";"Breezette"
"2523";"Winc Wines"
"2524";"Domaine de la Sangliere"
"2525";"Teeling Irish Whiskey"
"2526";"VieVite"
"2527";"Bacon"
"2528";"Domaine de l'Ancienne Cure"
"2529";"Prairie"
"2530";"Madera Cellars"
"2531";"Dark Horse"
"2532";"Isle of Jura Distillery"
"2533";"854894"
"2534";"4587981"
"2535";"Summer Water"
"2536";"Dead Rabbit"
"2537";"Thomas Dakin Gin"
"2538";"Maison Marcel"
"2539";"Pikesville Straight Rye"
"2540";"Robert Hall"
"2541";"Agustinos"
"2542";"Alvisa Brandy"
"2543";"Jules Domet Brandy"
"2544";"Junta"
"2545";"Kessler-Zink"
"2546";"La Celia"
"2547";"Le Grand Chai"
"2548";"Old Vienna"
"2549";"Ophalum"
"2550";"Ponche Caribe"
"2551";"Queen Esther"
"2552";"Rhanleigh"
"2553";"Vina Vedra"
"2554";"The Last Wine Co"
"2556";"Old Camp Whiskey"
"2557";"Moto Spirits"
"2558";"Nonino"
"2559";"Bamberas"
"2560";"EagleStone"
"2561";"Eaglestone"
"2562";"Journeyman Distillery"
"2563";"Koval Distillery"
"2564";"Primarius"
"2565";"Purus Organic Vodka"
"2566";"Rust En Vrede"
"2567";"Spirytus"
"2568";"5465124"
"2569";"5465784"
"2570";"Veronica Estate"
"2571";"Westland Distillery"
"2572";"Anares"
"2573";"Casa Santos"
"2574";"Casa de Santar"
"2575";"Ciconia"
"2576";"Cortes de Cima"
"2577";"Fontella"
"2578";"I Am"
"2579";"Les Allies"
"2580";"Opta"
"2581";"Paris Valley Road"
"2582";"Pinino"
"2583";"Ribbonwood"
"2584";"Tesch"
"2586";"1800"
"2587";"Juggernaut"
"2588";"Macphail"
"2589";"Maestro Dobel"
"2590";"New York Distilling Company"
"2591";"Slingshot"
"2592";"Barista"
"2593";"Martin Codax"
"2594";"Copper & Kings"
"2595";"Dillon's Distillers"
"2596";"Donegal Estates"
"2597";"Firesteed"
"2598";"Cantine Sacchetto"
"2599";"Robertson Winery"
"2600";"Fleur De Mer"
"2601";"Thames Distillers"
"2602";"Prohibition Distillery"
"2603";"St Huberts"
"2604";"WoodWork"
"2605";"Il Carnevale di Venezia"
"2606";"Domaine Gerard Millet"
"2607";"Oak Ridge Winery"
"2608";"Oak Ridger Winery"
"2609";"Oak Rdige Winery"
"2610";"Shadow Brook"
"2611";"Valley Of The Moon"
"2612";"Writers Tears"
"2613";"Aval"
"2614";"Banhez"
"2615";"Combier"
"2616";"Libelula"
"2617";"Brady's Irish Cream"
"2621";"Aviary Vineyards"
"2622";"Bread & Butter"
"2623";"Cannonball"
"2624";"Fishers Island"
"2625";"Leese-Fitch"
"2626";"Rustenberg"
"2627";"Don Sebastiani & Sons"
"2628";"Martin & Weyrich"
"2629";"Barrow's Intense"
"2630";"Giesen Estate"
"2631";"Hiro"
"2632";"Luiano"
"2633";"Love Noir"
"2634";"Sipsmith"
"2635";"Julia James"
"2636";"Giovanni Viberti"
"2637";"Westland"
"2638";"Mason Cellars"
"2639";"Stave & Steel"
"2640";"Trinchero Family Estates"
"2641";"Bodega Luigi Bosca"
"2642";"Fuego Blanco"
"2643";"La Forcine"
"2644";"Misty Cove"
"2645";"Ponte de Lima"
"2646";"Tussock Jumper"
"2647";"The Hampton Water Wine Company"
"2648";"Elegido"
"2649";"Fleurs de Prairie"
"2650";"Garys Good Vodka"
"2651";"Macorix"
"2652";"Ruza"
"2653";"Bernheim"
"2654";"Jas Des Vignes"
"2656";"Boodles"
"2657";"Chateau Bellegrave"
"2658";"Chateau Chano"
"2659";"Chateau Florie Aude"
"2660";"Chateau Langlet"
"2661";"Les Vignobles Saintout"
"2662";"Chateau Les Carregades"
"2663";"Minuty"
"2664";"Chateau Pied d'Argent Bellevue"
"2665";"Chateau Tour Bel Air"
"2666";"Chateau de Razat"
"2667";"Chateau la Renaissance"
"2668";"Domaine Grosbois"
"2669";"FitVine"
"2670";"Heritage de Margaux"
"2671";"Infuse Spirits"
"2672";"Chateau La Tour de Bessan"
"2673";"Maddalena"
"2674";"Masciarelli"
"2675";"Nadia"
"2676";"Rumhaven"
"2677";"Terrazas de Los Andes"
"2678";"Martin Ray Vineyards"
"2679";"Franco Amoroso"
"2680";"Grace Vineyards"
"2681";"Casas Patronales"
"2682";"Chateau Giscours"
"2683";"Brenne Whiskey"
"2684";"Domaine Grauzan"
"2685";"Alverdi"
"2686";"Austin Hope"
"2687";"Chateau Auguste"
"2688";"Lardiley"
"2689";"Liberty School"
"2690";"Smith & Hook"
"2691";"Kurosawa"
"2692";"Artic"
"2693";"N/A"
"2694";"Twine"
"2696";"True Party"
"2700";"True Zoo"
"2701";"Viski"
"2703";"Le Grand Courtage"
"2704";"Rokz"
"2705";"True Brand"
"2707";"Spoken Barrel"
"2708";"Paddy Irish Whiskey"
"2709";"OKO"
"2710";"United States"
"2712";"California"
"2714";"Italy"
"2715";"Argentina"
"2721";"Artezin"
"2722";"Finca Las Moras"
"2723";"Albert Bichot"
"2724";"Ame Du Vin"
"2725";"Digression"
"2726";"Fortant"
"2727";"Raeburn"
"2728";"Il Tramonto"
"2729";"Saint Clair"
"2730";"The Irishman"
"2731";"7 Moons"
"2732";"Cakewalk"
"2733";"Ravage"
"2734";"Chateau du Bousquet"
"2735";"Folktale"
"2736";"Belposto"
"2737";"Calvaclub"
"2738";"Graton Distilling"
"2739";"Marquis De Gensac"
"2740";"Paz"
"2741";"Issidoros Arvanitis"
"2742";"Releaf"
"2743";"Stickybeak"
"2744";"Parce Rum"
"2745";"Capriccio Sangria"
"2746";"O'Neill Vintners & Distillers"
"2747";"Iron Smoke Distillery"
"2748";"Stellar Organic Winery"
"2749";"Owney's"
"2750";"Pinhook"
"2751";"Les Coopains"
"2752";"Miss Charlotte"
"2753";"Consejo De La Alta"
"2754";"Cerro Anon"
"2755";"St. Micheal Weinkellerei"
"2756";"Tequila Comisario"
"2757";"Cave De Roquerun"
"2758";"Maison Denuziere"
"2759";"Starling Castle Wines"
"2760";"Chateau de Thauvenay"
"2761";"Scottish Piper"
"2762";"SeraVino"
"2763";"Cave De Roquebrun"
"2764";"Sileni Estates"
"2765";"St. Michael Weinkellerei"
"2766";"Markovic Estates"
"2767";"Domaine Auvigue"
"2768";"Domaine Naudet"
"2769";"Benoit Gautier"
"2770";"Pierre Gruber"
"2771";"Soldeica"
"2772";"Deveron"
"2773";"Villa Trecciano"
"2774";"Fernet-Branca"
"2775";"Rocca Sveva"
"2776";"Purple Cowboy"
"2777";"Tokoeka"
"2778";"Fox Run"
"2779";"StilltheOne"
"2780";"The White Knight"
"2781";"Merf"
"2782";"Wahaka"
"2783";"Anakena"
"2784";"Aveleda"
"2785";"Cherry Hill Winery"
"2786";"Freja Cellars"
"2787";"Bodega Tobia"
"2788";"Rhone to the Bone"
"2789";"The Dubliner"
"2790";"Vino del Paso"
"2791";"Wagner Vineyards"
"2792";"Evans & Tate"
"2793";"Casa Los Frailes"
"2794";"Les Hauts De Janeil"
"2795";"Ocean"
"2796";"Vintage Wines"
"2797";"Amonte"
"2798";"Beldui Txakolina"
"2799";"Bodegas Francisco Casas"
"2800";"Bodegas Valdrinal"
"2801";"Don Jacobo"
"2802";"Don Mannarone"
"2803";"Fiamme"
"2804";"Five Rivers"
"2805";"Old Williamsburg"
"2806";"Proper 12"
"2807";"Sierra De Viento"
"2808";"Vigneti Reale"
"2809";"Castello Meleto"
"2810";"The Paring"
"2811";"Cardhu"
"2812";"Dalwhinnie"
"2813";"Odessa"
"2814";"Astoria"
"2815";"Villa Caterina"
"2816";"Ducourt"
"2817";"Chairman's"
"2818";"Benedictum III"
"2819";"Gran Vinaio"
"2820";"Royal Lochnagar"
"2821";"Ta'Dura"
"2822";"Vega del Origon"
"2823";"Alfred Basely"
"2824";"Chateau du Basque"
"2825";"Collection Vins du Sud"
"2826";"Copper Dog"
"2827";"Joseph Faiveley"
"2828";"Domaine Thevenot Le Brun & Fil"
"2829";"Donnafugata"
"2830";"Schrader Cellars"
"2831";"Manon"
"2832";"Marion"
"2833";"Mcnab Ridge Wine Company"
"2834";"Tommasi"
"2835";"Reinhard Waldschütz"
"2836";"The Atom Wines"
"2837";"The Pinot"
"2838";"Castellani"
"2839";"Cenote"
"2840";"Chateau le Peyrat"
"2841";"Chateau La Cardonne"
"2842";"Chateau Les Graves de Lavaud"
"2843";"Chateau Sainte-Catherine"
"2844";"Frederic Esmonin"
"2845";"Intrinsic Wine Co."
"2846";"Kadabra"
"2847";"Les Dauphins"
"2848";"Manos Negras"
"2849";"Claude Vialade"
"2850";"Pedroncelli"
"2851";"Select"
"2852";"Roco Winery"
"2853";"Ron Rubin"
"2854";"Bodegas Sur de los Andes"
"2855";"Bodegas Callia"
"2856";"Castello di Verrazzano"
"2857";"Chateau Des Pelerins"
"2858";"Domaines Barons De Rothschild"
"2859";"Heritance"
"2860";"Marchesi Mazzei"
"2861";"S.A. Prum"
"2862";"Collins"
"2864";"Familia Torres"
"2865";"Santa Cristina"
"2866";"Rhum Clement"
"2867";"Conciere"
"2868";"Segrel"
"2869";"MoonBaeSool"
"2872";"Ben Marco"
"2873";"Lail Vineyards"
"2875";"Gratien & Meyer"
"2876";"Inver House"
"2877";"Breckenridge"
"2878";"Feudo Maccari"
"2879";"Megvani"
"2880";"Obsidian Ridge"
"2881";"Clonakilty"
"2882";"Seven Kingdom Wines"
"2883";"Little Book Whiskey"
"2884";"Uncle Nearest Whiskey"
"2885";"Alto Limay"
"2886";"Boedecker Cellars"
"2887";"Cabreo"
"2888";"Cocobon"
"2889";"Distillery 244"
"2890";"Motto Wines"
"2891";"New Liberty"
"2892";"Tincup Whiskey"
"2893";"Torres Brandy"
"2894";"Zorzal Wines"
"2895";"Gruet"
"2896";"Tanduay Rum"
"2897";"Cantine Bonacchi"
"2898";"JaJa"
"2899";"Bollini"
"2900";"Don Olegario"
"2901";"Diageo"
"2902";"La Capillla"
"2903";"Noble Oak"
"2904";"Marti"
"2905";"Tornatore"
"2906";"Marco Abella"
"2907";"Bodegas Malaga Virgen"
"2908";"Adega De Vila Real"
"2909";"Chateau Gaudin"
"2910";"Chateau Pedesclaux"
"2911";"House Of Cocchi"
"2912";"Domaine Tinel-Blondelet"
"2913";"DFJ Vinhos"
"2914";"McByirden"
"2915";"Mi Campo"
"2916";"True Brands"
"2917";"Auspicion"
"2918";"LaLuca"
"2919";"Whitehaven"
"2920";"De Luze Cognac"
"2921";"King's Falcon"
"2922";"Legend Noir"
"2923";"Yes Way Rose"
"2924";"Clos De Los Siete"
"2925";"Drumshanbo"
"2926";"Girard Winery"
"2927";"Three Finger Jack"
"2928";"Bounty"
"2929";"Chateau Seigneurie"
"2930";"Domaine De Courtal"
"2931";"Domaine Les Combes"
"2932";"Tour De Montrabech"
"2933";"Old Charter"
"2934";"Bounty Saint Lucia Rum"
"2935";"Tom’s Town Distilling Co."
"2936";"Garys Good"
"2937";"Bodega O'Bocoi"
"2938";"Rubin"
"2939";"Wine Brokers Unlimited"
"2940";"Les Grandes Serres"
"2941";"Macari Vineyards"
"2942";"Romain Duvernay"
"2943";"Stillhouse Spirits"
"2944";"Vignobles Ducourt"
"2945";"Phillip Ducourt"
"2946";"Maison Coquard"
"2947";"Blackened"
"2948";"American Freedom Distillery"
"2949";"Prayers Of Saints"
"2950";"Prayers Of Sinners Red Blend"
"2951";"Terre Di Talamo"
"2952";"Savage & Cooke"
"2953";"Domaine Bousquet"
"2954";"Exitus"
"2955";"Notorious Pink"
"2956";"Prayers Of Sinners"
"2957";"St. George Spirits"
"2958";"The Cosmic Egg Wine Co"
"2959";"Canoe Ridge Vineyard"
"2960";"VeRy"
"2961";"Apostoles"
"2962";"Sauvage Distillery"
"2963";"The Finnish"
"2964";"Lvov"
"2965";"La Cofradia"
"2966";"Mezcal Nucano"
"2967";"Yamato"
"2968";"Robert Talbott Vineyard"
"2969";"Riva Leone"
"2970";"Revel Stoke"
"2971";"Bonanza"
"2972";"Cape Original"
"2973";"Emmolo"
"2974";"Sea Sun"
"2975";"CK Mondavi & Family"
"2976";"Maison Calvet"
"2977";"Chateau La Freynelle"
"2978";"Riboli Family Imports"
"2979";"Aristocrat"
"2980";"Master Of Mixes"
"2981";"The Infamous Goose"
"2982";"Tres Agaves"
"2983";"Asbach"
"2984";"Laird & Company"
"2985";"Legent Distilling Co."
"2986";"Vinos De Arganza"
"2987";"Finca Bacara"
"2988";"Kiku-Masamune Sake"
"2989";"Helios Distillery & Brewery"
"2990";"Nonino Distillatori"
"2991";"Worthy Park Estate"
"2992";"The Glen Moray Distillery"
"2993";"Castello de Trebbio"
"2994";"Chateau Valois"
"2995";"Lambay"
"2996";"Billaud-Simon"
"2997";"Mister Big Mouth"
"2998";"Deutsch Family"
"2999";"Esprit des Nautes"
"3000";"Mistral Vallee"
"3001";"One More Glass"
"3002";"Revel Spirits"
"3003";"The Little Sheep of France"
"3004";"Bedell Cellars"
"3005";"Chateau Pitray"
"3006";"Chateau Tournefeuille"
"3007";"Chateau La Croix de Roche"
"3008";"Chateau Les Grandes Marechaux"
"3009";"Chateau Picard"
"3010";"Chateau Piney"
"3011";"Chateau Recougne"
"3012";"Chateau de Castelneau"
"3013";"Monsieur Touton"
"3014";"Guenoc"
"3015";"Hardshore"
"3016";"Domaine Henri Bourgeois"
"3017";"Chateau Miraval"
"3018";"Pacific Pinot"
"3019";"Plantation Rum"
"3020";"The Four Graces"
"3021";"Calcareo"
"3022";"Lake Sonoma Winery"
"3026";"Dominique et Jeanine Crochet"
"3027";"Prieure St. Flaurent"
"3028";"VillaViva"
"3029";"Barone Ricasoli"
"3030";"Bibi Graetz"
"3031";"Bodegas Alejandro Fernandez"
"3032";"Dutton-Goldfield"
"3033";"Fillaboa"
"3034";"Palacios Remondo"
"3035";"Laurenz V"
"3036";"Les Cailloux"
"3037";"Oberon"
"3038";"Villa Sandi"
"3039";"K Vintners"
"3040";"Ze Zee"
"3041";"Coppo"
"3042";"Marcati"
"3043";"Podere Castorani"
"3044";"Torrebruna"
"3045";"Bacana"
"3046";"Blue Bottle"
"3047";"De Sanctis"
"3048";"Grand Montand"
"3049";"Nobushi Whiskey"
"3051";"Peychauds"
"3052";"Regans"
"3053";"Tanduay"
"3054";"Tenacity"
"3055";"Loco LoPEZ"
"3057";"Chateau La Rose Saint Germain"
"3058";"Proverb"
"3059";"Cape Mentelle"
"3060";"Hopes End"
"3061";"Echo Bay"
"3062";"Meukow"
"3063";"Flor De Campo"
"3064";"EnRoute"
"3065";"Locations Wine"
"3066";"Bollicini"
"3067";"Casa Noble Imports"
"3068";"Gascon"
"3069";"San Filippo"
"3070";"The Crossings"
"3071";"Liberation Distribution"
"3072";"Smyrna"
"3073";"Cantine Cavicchioli"
"3074";"Slim Chillers"
"3075";"Carmen"
"3076";"The Quiet Man"
"3077";"Camarena"
"3078";"Skrewball Spirits"
"3079";"50 Acre Ranch"
"3080";"Baron De Rothberg"
"3081";"Blue Light"
"3082";"Farm & Fare"
"3083";"Harvest Sun"
"3084";"Inflection"
"3085";"Saint Cecile"
"3086";"Soleil Des Alpes"
"3087";"Tercet"
"3088";"Havenscourt Cellars"
"3089";"Brooklyn Winery"
"3090";"Western Son Distillery"
"3091";"Scotto Family Cellars"
"3092";"Ego Bodegas"
"3093";"J. McClelland Cellars"
"3094";"Luna Nuda"
"3095";"Napa"
"3096";"Ponte Da Barca"
"3097";"Sans Liege"
"3098";"Villa Pillo"
"3099";"Common Well Bottling Co."
"3100";"Coppiere"
"3101";"Prospero"
"3102";"Domaine de la Gaverie"
"3103";"Ezra Brooks"
"3104";"Kinahan's Irish Whiskey"
"3105";"Campari"
"3106";"Tresor de Famille Bouey"
"3107";"Everclear"
"3108";"Domaine Ognoas"
"3109";"RGNY"
"3110";"Clyde May's"
"3111";"David Nicholson Distillery"
"3112";"Vina Haras de Pirque"
"3113";"Our Daily Red"
"3114";"Baron Philippe De Rothschild"
"3115";"Qupe Wine Cellars"
"3116";"Taaka"
"3117";"Wyoming Whiskey Inc."
"3118";"Chateau Marsannay"
"3119";"Francois Labet"
"3120";"Heritage Distilling Co."
"3121";"Domaine Paul Buisse"
"3122";"Glenelly Estate"
"3123";"Le Roi des Pierres"
"3124";"Raats Family Wines"
"3125";"Domaine Vincent Carême"
"3126";"Chateau Diana"
"3127";"Daou Vineyards"
"3128";"Flat Top Hills Cellars"
"3129";"Wagner Family"
"3130";"Tenuta Polvero"
"3131";"Benton Lane"
"3132";"Canella"
"3133";"Emmolo Winery"
"3134";"Emmolo Valley"
"3135";"Justin Vineyards"
"3136";"Chateau La Tour De Beraud"
"3137";"Domaine De Millet"
"3138";"Vallisto"
"3139";"MacRostie"
"3140";"Villa One"
"3141";"B Vitners"
"3142";"Benchmark"
"3143";"Topiary"
"3144";"Asconi"
"3145";"Bodegas Juan Gil"
"3146";"Quinta do Roques"
"3147";"Stone Castle Vineyards"
"3148";"Mozart"
"3149";"Roe & Co"
"3150";"Prisoner"
"3151";"Domaine Drouhin Oregon"
"3152";"Henriot"
"3156";"Cincoro"
"3157";"Danii Vodka"
"3158";"Dorothy Parker"
"3159";"Dueling Pistols"
"3160";"Lucano"
"3161";"Mizu"
"3162";"Novo Fogo"
"3163";"Papi"
"3164";"Parker Station"
"3165";"StoneCastle"
"3166";"The Vice Wine"
"3167";"Tribute"
"3168";"Whitley Neill"
"3169";"Akashi"
"3170";"Barrell Bourbon"
"3171";"Giffard"
"3172";"Hiatus"
"3173";"Hangtime"
"3174";"Roscato"
"3175";"G&J Greenall"
"3176";"Da Luca"
"3177";"Fabrizia Spirits"
"3178";"Glendalough Distillery"
"3179";"Heidsieck & Co."
"3180";"Pierre Ferrand"
"3181";"Re Manfredi"
"3182";"Yahara Bay Distillers"
"3183";"Doneli"
"3184";"Glengoyne"
"3185";"Vina Tamaca"
"3186";"Mortlach"
"3187";"BNA Wine Group"
"3188";"Davey & Browne"
"3189";"La Forge Estate"
"3190";"Menorval"
"3191";"Monkey Shoulder"
"3192";"Tuffo"
"3193";"Luca Paretti"
"3194";"Rutini"
"3195";"Chateau Tarin"
"3196";"Chateau Promis"
"3197";"Monkey 47"
"3198";"San Antonio Winery"
"3199";"Centered"
"3200";"Twenty Rows"
"3201";"Vall Llach"
"3202";"Maison Marques & Domaines"
"3203";"Domaine"
"3204";"Marie De Beauregard"
"3205";"Stewart"
"3206";"McGuigan Wines"
"3207";"Cuarenta Y Tres"
"3208";"Penelope"
"3209";"Old Telavi"
"3210";"Goza Tequila"
"3211";"Lapostolle"
"3212";"Nectar"
"3213";"Emerald"
"3214";"The Clover"
"3215";"Fino"
"3216";"Castillo Del Conde"
"3217";"Boen Wines"
"3218";"Dubonnet"
"3219";"Fortaleza"
"3220";"Aymara"
"3221";"Lake & Vine Cellars"
"3222";"Connemara"
"3223";"Robert Burns"
"3224";"Lanca's"
"3225";"Cantera Negra"
"3226";"Drei Dona"
"3227";"Pascual Toso"
"3228";"Maison Saleya"
"3229";"Tagaro"
"3230";"Villa Matilde"
"3231";"Chateau Bernateau"
"3232";"Chateau Floreal"
"3233";"Domaine Alban Roblin"
"3234";"Hangar 1"
"3235";"Patamar"
"3236";"Silent Oak"
"3237";"Department 66"
"3238";"Montanaro"
"3239";"Bella Union"
"3240";"Bowling & Birch"
"3241";"Liquid Light"
"3242";"Peller Estates"
"3243";"Schieferkopf"
"3244";"High Noon"
"3245";"Sonoroso"
"3246";"Dashfire"
"3247";"Isaac Bowman"
"3248";"Viticcio"
"3249";"King St."
"3250";"Silver Peak Vineyards"
"3251";"Channing Daughters Winery"
"3252";"Cheval Noir"
"3253";"Domaine Thevenot Le Brun"
"3254";"Leblon"
"3255";"Cantina Offida"
"3256";"Firestone Vineyard"
"3257";"Happy Dogs Chile Rose"
"3258";"Maggiovini"
"3259";"Ceretto Santo Stefano"
"3260";"Foley Johnson"
"3261";"Lancaster Estate"
"3262";"Torbreck"
"3263";"Happy Dogs"
"3264";"Ice 101"
"3265";"Koshu"
"3266";"Brooklyn Oenology"
"3267";"Chateau De La Maltroye"
"3268";"Domaine Dominique Gruhier"
"3269";"Woodinville"
"3270";"Bodegas Volver"
"3271";"Leeqin Estate"
"3272";"Mr. Black"
"3273";"familia zuccardi"
"3274";"familia Zuccardi"
"3275";"Louis M. Martini"
"3276";"Starward"
"3277";"Westward"
"3278";"Corazon De Agave"
"3279";"Chateau Les Reuilles"
"3280";"Chateau Paret"
"3281";"Fleur Du Cap"
"3282";"Cantine Ascheri Giacomo"
"3283";"Glera"
"3284";"Domaine Lafage"
"3285";"Donati Family Vineyard"
"3286";"Santa Carolina"
"3287";"Casa Dragones"
"3288";"Chateau Pey De Pont"
"3289";"Chateau Prignac"
"3290";"Covalli"
"3291";"Harahorn"
"3292";"Highway 12"
"3293";"Chateau Carbonnieux"
"3294";"Chateau De Bergun"
"3295";"Chateau De Micouleau"
"3296";"Chateau Tour Des Termes"
"3297";"Domaine Daniel Pollier"
"3298";"Haymans"
"3299";"Weingut Dr. Fischer"
"3300";"Purple Wine Co."
"3301";"Broadside"
"3302";"Finca Manzanos"
"3303";"Revolution Wine Company"
"3304";"Nik Weis"
"3305";"Graves"
"3306";"Kikusui"
"3307";"Kinoene"
"3308";"Kubota"
"3309";"Mio"
"3310";"Billette"
"3311";"Cardinal"
"3312";"Cimarron"
"3313";"Hugel"
"3314";"Hall Winery"
"3315";"Scattered Peaks"
"3316";"Harvey's"
"3317";"J.R Ewing"
"3318";"Chateau Beaulieu"
"3319";"Chateau Puech-Haut"
"3320";"Luke"
"3321";"Twomey"
"3322";"Clos De Chacras"
"3323";"Diamant De Loire"
"3324";"Splinter Group"
"3325";"Glenglassaugh"
"3326";"Madre"
"3327";"Maison Saint Aix"
"3328";"Cartuxa"
"3329";"Fado"
"3330";"Quinta Quatre Ventos"
"3331";"Bellisco"
"3332";"Bunnahabhain"
"3333";"Chateau des Mille Anges"
"3334";"Chateau Gaby"
"3335";"Cotswolds"
"3336";"Darting Durkheimer"
"3337";"Asahi Shuzo"
"3338";"Lil Dinghy"
"3339";"Merus Winery"
"3340";"Michael Mondavi Family Estate"
"3341";"Ruggeri"
"3342";"Santiago Queirolo"
"3343";"Standing Stone"
"3344";"Suze Saveur d'Autrefois"
"3345";"Pair Me"
"3346";"Famille Bougrier"
"3347";"Eglise"
"3348";"Herisson"
"3349";"Jacques Florent"
"3350";"Le Temps Infini"
"3351";"Navigator"
"3352";"Otto's Constant Dream"
"3353";"Chateau La Fleur des Amandiers"
"3354";"Dry Fly"
"3355";"Du Bouchett"
"3356";"Shades Of Blue"
"3357";"St. Elder"
"3358";"Villa Jovis"
"3359";"Bodegas El Nido"
"3360";"Voliero"
"3361";"La Spinetta"
"3362";"Castellani Michele & Figli"
"3363";"Mocali"
"3364";"Mony"
"3365";"Desire"
"3366";"Famiglia Pasqua"
"3367";"Plantation"
"3368";"Cooper & Thief"
"3369";"Sun Goddess"
"3370";"LVE"
"3371";"21 Seeds"
"3372";"Jade"
"3373";"Luis C"
"3374";"Old Ezra"
"3375";"Campo Bravo"
"3376";"Ram's Point"
"3377";"Ezra Brook's"
"3378";"Bernard et Olivier Coste"
"3379";"Nikka"
"3380";"Dassai"
"3381";"Empire Estate"
"3382";"Goriki"
"3383";"Kinokuniya"
"3384";"Ozeki"
"3385";"Shichida"
"3386";"Casa Lunardi"
"3387";"Pasqua"
"3388";"Baron Philippe de Rothschild"
"3389";"Mateus"
"3390";"Sidonio de Sousa"
"3391";"1921"
"3392";"Bozal"
"3393";"Deanston"
"3394";"De Martino"
"3395";"Mastroberardino"
"3396";"Smoke Wagon"
"3397";"Vina Leyda"
"3398";"Drink Works"
"3399";"Salcombe"
"3400";"Drinkworks"
"3401";"Barrel Bomb"
"3402";"Decoded"
"3403";"Aionysos"
"3404";"Dioysos"
"3405";"Protopapas"
"3406";"Bluemarble"
"3407";"Dionysos"
"3408";"Kingston Family Vineyards"
"3409";"Pedro Parra y Familia"
"3410";"Fuyu"
"1840";"Other Brandy"
"1841";"Dry Rose"
"1842";"Sparkling Wine"
"1843";"Corkscrew"
"1844";"Bar Accessories"
"1845";"Wine Aerator"
"1846";"Foil Cutter"
"1847";"Bottle Stopper"
"1848";"Ice Bucket"
"1849";"Ice Wine"
"1850";"Wine Glass"
"1851";"Sake"
"1852";"Light Rum"
"1853";"Wine Bag"
"1854";"Wine Racks"
"1855";"Schnapps"
"1856";"Absinthe"
"1857";"Prosecco"
"1858";"Coconut Rum"
"1859";"Cream Liqueur"
"1860";"Pre-Made Cocktails"
"1861";"Grappa"
"1862";"French Champagne"
"1863";"Amarone"
"1864";"Moscato"
"1865";"Sweet Rose"
"1866";"Pisco"
"1867";"Amaro"
"1868";"Aperitif"
"1869";"Dark Rum"
"1870";"Bar Mixers"
"1871";"Sparkling Rose"
"1872";"Cava"
"1873";"Rose Champagne"
"1874";"Anisette"
"1875";"Coffee Liqueur"
"1876";"Flavored Rum"
"1877";"Spiced Rum"
"1878";"Honey Liqueur"
"1879";"Port Wine"
"1880";"Asti"
"1881";"Sauternes"
"1882";"Amaretto"
"1883";"Cachaca"
"1884";"Chocolate Liqueur"
"1885";"Sherry"
"1886";"Limoncello"
"1887";"Orange Liqueur"
"1888";"Ouzo"
"1889";"Sweet Vermouth"
"1890";"Wine Charms"
"1891";"Tokaji"
"1892";"Flavored Brandy"
"1893";"Chocolate Wine"
"1894";"Plum Wine"
"1895";"Bianco Vermouth"
"1896";"Dry Vermouth"
"1897";"Marsala"
"1898";"Wine Books"
"1899";"Plum Brandy"
"1900";"Sambuca"
"1902";"Korean Rice Wine"
"1903";"Raki"
"1904";"Wine Pourer"
"1905";"Ice"
"1906";"Madeira"
"1907";"Decanter"
"1908";"Wine Preserver"
